PRAGMA foreign_keys=OFF;
BEGIN TRANSACTION;
CREATE TABLE IF NOT EXISTS 'CHARGES' (
  'UID'  INTEGER NOT NULL,
  'CAR_ID'  TEXT NOT NULL,
  'DATETIME'  TEXT NOT NULL,
  'STATUS'  TEXT NOT NULL,
  'CHARGING_TIME'  TEXT NOT NULL,
  'COST'  INTEGER NOT NULL,
  FOREIGN KEY('UID') REFERENCES 'CHARGING_STATIONS'('UID'),
  FOREIGN KEY('CAR_ID') REFERENCES 'CARS'('CAR_ID'),
  PRIMARY KEY('UID','CAR_ID','DATETIME')
);
INSERT INTO CHARGES VALUES(4,'DXY-1714','2018-11-24 19:02:49.284059','Done','01:04',300);
INSERT INTO CHARGES VALUES(9,'DXY-1714','2018-11-22 12:50:49.284059','Done','00:33',500);
INSERT INTO CHARGES VALUES(9,'RQAS-678','2018-11-20 22:48:49.284059','Done','01:29',200);
INSERT INTO CHARGES VALUES(8,'OCK-9022','2018-11-20 07:40:49.284059','Done','01:19',200);
INSERT INTO CHARGES VALUES(8,'QJN-3582','2018-11-19 02:53:49.284059','Done','01:27',100);
INSERT INTO CHARGES VALUES(8,'DXY-1714','2018-11-22 19:23:49.284059','Done','01:32',200);
INSERT INTO CHARGES VALUES(3,'CQU-8359','2018-11-17 14:33:49.284059','Done','00:27',300);
INSERT INTO CHARGES VALUES(10,'OCK-9022','2018-11-24 16:14:49.284059','Done','01:39',500);
INSERT INTO CHARGES VALUES(3,'OCK-9022','2018-11-21 00:17:49.284059','Done','01:09',400);
INSERT INTO CHARGES VALUES(2,'POO-6542','2018-11-19 01:08:49.284059','Done','00:55',500);
INSERT INTO CHARGES VALUES(6,'DXY-1714','2018-11-23 13:10:49.284059','Done','01:34',400);
INSERT INTO CHARGES VALUES(2,'DXY-1714','2018-11-24 22:07:49.284059','Done','01:09',100);
INSERT INTO CHARGES VALUES(2,'DXY-1714','2018-11-22 13:24:49.284059','Done','00:28',100);
INSERT INTO CHARGES VALUES(12,'DXY-1714','2018-11-24 15:07:49.284059','Done','01:30',100);
INSERT INTO CHARGES VALUES(5,'DXY-1714','2018-11-24 21:31:49.284059','Done','01:10',300);
CREATE TABLE IF NOT EXISTS 'ORDERS' (
    'USERNAME'    TEXT NOT NULL,
    'CAR_ID'    TEXT NOT NULL,
    'DATETIME'    TEXT NOT NULL,
    'FROM_'    TEXT NOT NULL,
    'TO_'    TEXT NOT NULL,
    'STATUS'    TEXT NOT NULL,
    'PRICE'    INTEGER NOT NULL,
    'TRAVELED_TO_CLIENT'    INTEGER NOT NULL,
    'DURATION'    TEXT NOT NULL,
    FOREIGN KEY('CAR_ID') REFERENCES 'CARS'('CAR_ID'),
    FOREIGN KEY('USERNAME') REFERENCES 'CUSTOMERS'('USERNAME'),
    PRIMARY KEY('USERNAME','CAR_ID','DATETIME')
);
INSERT INTO ORDERS VALUES('xX_CoolName_Xx','XUW-7856','2018-11-21 09:57','north square','east square','Done',300,1765,'01:10');
INSERT INTO ORDERS VALUES('f.petrov_1996','QYQ-0272','2018-11-20 12:31','east square','hospital','Done',700,1463,'00:25');
INSERT INTO ORDERS VALUES('f.petrov_1996','ANSS-934','2018-11-24 09:13','east square','west square','Done',600,1099,'01:06');
INSERT INTO ORDERS VALUES('f.petrov_1996','POO-6542','2018-11-19 06:37','north square','hospital','Done',200,1798,'00:18');
INSERT INTO ORDERS VALUES('Petr_Dude','ANM-9382','2018-11-19 13:48','east square','shops','Done',25000,824,'01:23');
INSERT INTO ORDERS VALUES('l.petrova_1958','CQU-8359','2018-11-19 12:02','west square','tavern','Done',300,1945,'00:56');
INSERT INTO ORDERS VALUES('f.petrov_1996','RQAS-678','2018-11-16 06:40','shops','tavern','Done',700,1458,'00:02');
INSERT INTO ORDERS VALUES('f.petrov_1996','ANJ-3510','2018-11-16 03:43','hospital','tavern','Done',200,614,'00:16');
INSERT INTO ORDERS VALUES('a.smirnow_1994','RQAS-678','2018-11-23 01:12','east square','tavern','Done',300,1900,'01:40');
INSERT INTO ORDERS VALUES('a.smirnow_1994','HFDC-278','2018-11-23 20:04','west square','tavern','Done',700,1808,'01:25');
INSERT INTO ORDERS VALUES('xX_CoolName_Xx','ANJ-3510','2018-11-21 21:15','hospital','north square','Done',700,1372,'01:34');
INSERT INTO ORDERS VALUES('m.petrova_1989','POO-6542','2018-11-20 21:57','hospital','east square','Done',200,1865,'00:48');
INSERT INTO ORDERS VALUES('a.smirnow_1994','ANM-9382','2018-11-24 16:22','hospital','east square','Done',200,1589,'00:55');
INSERT INTO ORDERS VALUES('a.smirnow_1994','QYQ-0272','2018-11-21 07:46','hospital','tavern','Done',600,677,'00:07');
INSERT INTO ORDERS VALUES('n.prutko_1983','ANM-9382','2018-11-20 23:35','hospital','east square','Done',400,1418,'01:07');
INSERT INTO ORDERS VALUES('a.smirnow_1994','ANTK-934','2018-08-03 10:04','west square','hospital','Done',200,1946,'00:50');
INSERT INTO ORDERS VALUES('a.smirnow_1994','ANM-9382','2018-08-07 22:29','hospital','east square','Done',200,739,'01:50');
INSERT INTO ORDERS VALUES('a.smirnow_1994','ANJ-3510','2018-08-06 18:15','tavern','hospital','Done',100,992,'01:38');
INSERT INTO ORDERS VALUES('m.petrova_1989','POO-6542','2018-08-09 17:57','tavern','north square','Done',500,1180,'00:16');
INSERT INTO ORDERS VALUES('f.petrov_1996','HFDC-278','2018-08-06 01:29','shops','north square','Done',600,1738,'01:21');
CREATE TABLE IF NOT EXISTS 'REPAIRS' (
    'WID'    INTEGER NOT NULL,
    'CAR_ID'    TEXT NOT NULL,
    'DATETIME'    TEXT NOT NULL,
    'STATUS'    TEXT NOT NULL,
    'PRICE'    INTEGER NOT NULL,
    FOREIGN KEY('CAR_ID') REFERENCES 'CARS'('CAR_ID'),
    FOREIGN KEY('WID') REFERENCES 'WORKSHOPS'('WID'),
    PRIMARY KEY('WID','CAR_ID','DATETIME')
);
INSERT INTO REPAIRS VALUES(2,'12','2018-11-20 11:38','Done',40000);
INSERT INTO REPAIRS VALUES(3,'15','2018-11-25 14:13','Done',30000);
INSERT INTO REPAIRS VALUES(1,'5','2018-11-24 15:42','Done',50000);
INSERT INTO REPAIRS VALUES(3,'1','2018-11-17 11:17','Done',50000);
INSERT INTO REPAIRS VALUES(1,'1','2018-11-18 05:48','Done',30000);
CREATE TABLE IF NOT EXISTS 'AVAILABLE_PARTS' (
    'NAME'    TEXT NOT NULL,
    'WID'    INTEGER NOT NULL,
    FOREIGN KEY('WID') REFERENCES 'WORKSHOPS'('WID'),
    FOREIGN KEY('NAME') REFERENCES 'CAR_PARTS'('NAME'),
    PRIMARY KEY('NAME','WID')
);
INSERT INTO AVAILABLE_PARTS VALUES('Tesla Supercharger Connector',1);
INSERT INTO AVAILABLE_PARTS VALUES('Tesla Supercharger Connector',3);
INSERT INTO AVAILABLE_PARTS VALUES('Lidar T1',1);
INSERT INTO AVAILABLE_PARTS VALUES('Lidar T1',2);
INSERT INTO AVAILABLE_PARTS VALUES('Lidar T1',3);
INSERT INTO AVAILABLE_PARTS VALUES('Lidar T2',2);
INSERT INTO AVAILABLE_PARTS VALUES('Lidar T2',3);
CREATE TABLE IF NOT EXISTS 'PARTS_FOR' (
    'NAME'    TEXT NOT NULL,
    'MODEL'    TEXT NOT NULL,
    FOREIGN KEY('MODEL') REFERENCES 'CAR_TYPES'('MODEL'),
    FOREIGN KEY('NAME') REFERENCES 'CAR_PARTS'('NAME'),
    PRIMARY KEY('NAME','MODEL')
);
INSERT INTO PARTS_FOR VALUES('Tesla Supercharger Connector','Tesla Model 3');
INSERT INTO PARTS_FOR VALUES('Tesla Supercharger Connector','Tesla Model S');
INSERT INTO PARTS_FOR VALUES('ICar Engine','ICar');
INSERT INTO PARTS_FOR VALUES('Lidar T1','KAMAZ');
INSERT INTO PARTS_FOR VALUES('Lidar T1','Toyota Prius');
INSERT INTO PARTS_FOR VALUES('Lidar T2','Tesla Model S');
INSERT INTO PARTS_FOR VALUES('Lidar T2','Tesla Model 3');
INSERT INTO PARTS_FOR VALUES('Lidar T2','Ford Japan');
CREATE TABLE IF NOT EXISTS 'CAN_PROVIDE' (
    'ID'    INTEGER NOT NULL,
    'NAME'    TEXT NOT NULL,
    FOREIGN KEY('ID') REFERENCES 'PARTS_PROVIDERS'('ID'),
    FOREIGN KEY('NAME') REFERENCES 'CAR_PARTS'('NAME'),
    PRIMARY KEY('ID','NAME')
);
INSERT INTO CAN_PROVIDE VALUES(1,'ICar Engine');
INSERT INTO CAN_PROVIDE VALUES(2,'Lidar 1');
INSERT INTO CAN_PROVIDE VALUES(2,'Lidar 2');
INSERT INTO CAN_PROVIDE VALUES(3,'Tesla Supercharger Connector');
INSERT INTO CAN_PROVIDE VALUES(3,'Lidar 2');
CREATE TABLE IF NOT EXISTS 'SOCKETS' (
    'UID'    INTEGER NOT NULL,
    'PLUG_TYPE'    TEXT NOT NULL,
    'NUMBER'    INTEGER NOT NULL,
    FOREIGN KEY('UID') REFERENCES 'CHARGING_STATIONS'('UID'),
    PRIMARY KEY('PLUG_TYPE','UID')
);
INSERT INTO SOCKETS VALUES(1,'Type 1',7);
INSERT INTO SOCKETS VALUES(1,'Type 2',7);
INSERT INTO SOCKETS VALUES(1,'Tesla Supercharger',8);
INSERT INTO SOCKETS VALUES(1,'GOST 23784',5);
INSERT INTO SOCKETS VALUES(1,'CHAdeMO',2);
INSERT INTO SOCKETS VALUES(1,'Lighting',1);
INSERT INTO SOCKETS VALUES(2,'Type 1',8);
INSERT INTO SOCKETS VALUES(2,'Type 2',2);
INSERT INTO SOCKETS VALUES(2,'Tesla Supercharger',6);
INSERT INTO SOCKETS VALUES(2,'GOST 23784',3);
INSERT INTO SOCKETS VALUES(2,'CHAdeMO',9);
INSERT INTO SOCKETS VALUES(2,'Lighting',4);
INSERT INTO SOCKETS VALUES(3,'Type 1',8);
INSERT INTO SOCKETS VALUES(3,'Type 2',2);
INSERT INTO SOCKETS VALUES(3,'Tesla Supercharger',3);
INSERT INTO SOCKETS VALUES(3,'GOST 23784',10);
INSERT INTO SOCKETS VALUES(3,'CHAdeMO',9);
INSERT INTO SOCKETS VALUES(3,'Lighting',4);
INSERT INTO SOCKETS VALUES(4,'Type 1',6);
INSERT INTO SOCKETS VALUES(4,'Type 2',4);
INSERT INTO SOCKETS VALUES(4,'Tesla Supercharger',3);
INSERT INTO SOCKETS VALUES(4,'GOST 23784',1);
INSERT INTO SOCKETS VALUES(4,'CHAdeMO',5);
INSERT INTO SOCKETS VALUES(4,'Lighting',4);
INSERT INTO SOCKETS VALUES(5,'Type 1',3);
INSERT INTO SOCKETS VALUES(5,'Type 2',4);
INSERT INTO SOCKETS VALUES(5,'Tesla Supercharger',8);
INSERT INTO SOCKETS VALUES(5,'GOST 23784',10);
INSERT INTO SOCKETS VALUES(5,'CHAdeMO',1);
INSERT INTO SOCKETS VALUES(5,'Lighting',2);
INSERT INTO SOCKETS VALUES(6,'Type 1',9);
INSERT INTO SOCKETS VALUES(6,'Type 2',3);
INSERT INTO SOCKETS VALUES(6,'Tesla Supercharger',8);
INSERT INTO SOCKETS VALUES(6,'GOST 23784',2);
INSERT INTO SOCKETS VALUES(6,'CHAdeMO',7);
INSERT INTO SOCKETS VALUES(6,'Lighting',7);
INSERT INTO SOCKETS VALUES(7,'Type 1',8);
INSERT INTO SOCKETS VALUES(7,'Type 2',10);
INSERT INTO SOCKETS VALUES(7,'Tesla Supercharger',5);
INSERT INTO SOCKETS VALUES(7,'GOST 23784',8);
INSERT INTO SOCKETS VALUES(7,'CHAdeMO',7);
INSERT INTO SOCKETS VALUES(7,'Lighting',2);
INSERT INTO SOCKETS VALUES(8,'Type 1',4);
INSERT INTO SOCKETS VALUES(8,'Type 2',10);
INSERT INTO SOCKETS VALUES(8,'Tesla Supercharger',8);
INSERT INTO SOCKETS VALUES(8,'GOST 23784',1);
INSERT INTO SOCKETS VALUES(8,'CHAdeMO',4);
INSERT INTO SOCKETS VALUES(8,'Lighting',10);
INSERT INTO SOCKETS VALUES(9,'Type 1',9);
INSERT INTO SOCKETS VALUES(9,'Type 2',6);
INSERT INTO SOCKETS VALUES(9,'Tesla Supercharger',8);
INSERT INTO SOCKETS VALUES(9,'GOST 23784',9);
INSERT INTO SOCKETS VALUES(9,'CHAdeMO',9);
INSERT INTO SOCKETS VALUES(9,'Lighting',6);
INSERT INTO SOCKETS VALUES(10,'Type 1',3);
INSERT INTO SOCKETS VALUES(10,'Type 2',1);
INSERT INTO SOCKETS VALUES(10,'Tesla Supercharger',10);
INSERT INTO SOCKETS VALUES(10,'GOST 23784',10);
INSERT INTO SOCKETS VALUES(10,'CHAdeMO',5);
INSERT INTO SOCKETS VALUES(10,'Lighting',10);
INSERT INTO SOCKETS VALUES(11,'Type 1',4);
INSERT INTO SOCKETS VALUES(11,'Type 2',5);
INSERT INTO SOCKETS VALUES(11,'Tesla Supercharger',1);
INSERT INTO SOCKETS VALUES(11,'GOST 23784',1);
INSERT INTO SOCKETS VALUES(11,'CHAdeMO',4);
INSERT INTO SOCKETS VALUES(11,'Lighting',6);
INSERT INTO SOCKETS VALUES(12,'Type 1',6);
INSERT INTO SOCKETS VALUES(12,'Type 2',6);
INSERT INTO SOCKETS VALUES(12,'Tesla Supercharger',4);
INSERT INTO SOCKETS VALUES(12,'GOST 23784',9);
INSERT INTO SOCKETS VALUES(12,'CHAdeMO',3);
INSERT INTO SOCKETS VALUES(12,'Lighting',6);
CREATE TABLE IF NOT EXISTS 'CHARGING_STATIONS' (
    'UID'    INTEGER NOT NULL,
    'GPS_LOCATION'    TEXT NOT NULL,
    'CHARGING_COST'    TEXT NOT NULL,
    'CHARGING_TIME'    TEXT NOT NULL,
    PRIMARY KEY('UID')
);
INSERT INTO CHARGING_STATIONS VALUES(1,'GPS[Novokuznetsk]','2.7','4');
INSERT INTO CHARGING_STATIONS VALUES(2,'GPS[Kazan]','2.3','4');
INSERT INTO CHARGING_STATIONS VALUES(3,'GPS[Samara]','2.2','2');
INSERT INTO CHARGING_STATIONS VALUES(4,'GPS[Petrozavodsk]','2.9','1');
INSERT INTO CHARGING_STATIONS VALUES(5,'GPS[Kazan]','2.4','4');
INSERT INTO CHARGING_STATIONS VALUES(6,'GPS[Oktyabrskiy]','2.5','1');
INSERT INTO CHARGING_STATIONS VALUES(7,'GPS[Kaliningrad]','3.0','5');
INSERT INTO CHARGING_STATIONS VALUES(8,'GPS[Uzhgorod]','3.0','3');
INSERT INTO CHARGING_STATIONS VALUES(9,'GPS[Novokuznetsk]','2.1','1');
INSERT INTO CHARGING_STATIONS VALUES(10,'GPS[Petrozavodsk]','2.1','3');
INSERT INTO CHARGING_STATIONS VALUES(11,'GPS[Kaliningrad]','2.9','5');
INSERT INTO CHARGING_STATIONS VALUES(12,'GPS[Novokuznetsk]','2.2','1');
CREATE TABLE IF NOT EXISTS 'CUSTOMERS' (
    'USERNAME'    TEXT NOT NULL,
    'EMAIL'    TEXT NOT NULL,
    'PHONE'    TEXT NOT NULL,
    'FULL_NAME'    TEXT NOT NULL,
    'COUNTRY'    TEXT NOT NULL,
    'CITY'    TEXT NOT NULL,
    'ZIP_CODE'    TEXT NOT NULL,
    PRIMARY KEY('USERNAME')
);
INSERT INTO CUSTOMERS VALUES('xX_CoolName_Xx','CoolMail@cool-email.com','+79805551122','Vasya Pupkin','Russia','Moscow','123131');
INSERT INTO CUSTOMERS VALUES('Petr_Dude','Petrov123@yandex.ru','+79042744315','Petr Vasilyev','Russia','Kazan','948173');
INSERT INTO CUSTOMERS VALUES('m.petrova_1989','m.petrova_1970@inbox.ru','+79021849184','Maria Petrova','Russia','Kaliningrad','948173');
INSERT INTO CUSTOMERS VALUES('n.prutko_1983','n.prutko_1983@yandex.ru','+79028201834','Nadezhda Prutko','Russia','Samara','861243');
INSERT INTO CUSTOMERS VALUES('a.smirnow_1994','a.smirnow_1994@gmail.com','+79048591295','Aleksey Smirnov','Russia','Kaliningrad','948173');
INSERT INTO CUSTOMERS VALUES('l.petrova_1958',';.petrova_1958@inbox.ru','+79051738245','Lena Petrova','Russia','Novokuznetsk','858914');
INSERT INTO CUSTOMERS VALUES('f.petrov_1996','f.petrov_1996@inbox.ru','+79409281853','Fedor Petrov','Russia','Omsk','819472');
CREATE TABLE IF NOT EXISTS 'CARS' (
    'CAR_ID'    TEXT NOT NULL,
    'COLOR'    TEXT NOT NULL,
    'MODEL'    TEXT NOT NULL,
    FOREIGN KEY('MODEL') REFERENCES 'CAR_TYPES'('MODEL'),
    PRIMARY KEY('CAR_ID')
);
INSERT INTO CARS VALUES('QJN-3582','Red','Tesla Model S');
INSERT INTO CARS VALUES('PMV-3226','Magenta','ICar');
INSERT INTO CARS VALUES('QYQ-0272','Yellow','Tesla Model 3');
INSERT INTO CARS VALUES('DXY-1714','White','Tesla Model 3');
INSERT INTO CARS VALUES('RQAS-678','Magenta','ICar');
INSERT INTO CARS VALUES('CQU-8359','Gray','ICar');
INSERT INTO CARS VALUES('XUW-7856','Yellow','Tesla Model 3');
INSERT INTO CARS VALUES('HFDC-278','Green','Toyota Prius');
INSERT INTO CARS VALUES('GUYD-686','Silver','Ford Japan');
INSERT INTO CARS VALUES('CWDR-741','Red','Toyota Prius');
INSERT INTO CARS VALUES('ANJ-6372','White','Toyota Prius');
INSERT INTO CARS VALUES('ANJ-3510','White','Tesla Model 3');
INSERT INTO CARS VALUES('ANSS-934','Magenta','ICar');
INSERT INTO CARS VALUES('IKET-109','Red','Toyota Prius');
INSERT INTO CARS VALUES('POO-6542','Red','Tesla Model 3');
INSERT INTO CARS VALUES('OCK-9022','Red','Ford Japan');
INSERT INTO CARS VALUES('ANTK-934','Red','ICar');
INSERT INTO CARS VALUES('ANM-9382','Red','ICar');
CREATE TABLE IF NOT EXISTS 'CAR_TYPES' (
    'MODEL'    TEXT NOT NULL,
    'PLUG_TYPE'    TEXT NOT NULL,
    PRIMARY KEY('MODEL')
);
INSERT INTO CAR_TYPES VALUES('Toyota Prius','Type 1');
INSERT INTO CAR_TYPES VALUES('Tesla Model S','Tesla Supercharger');
INSERT INTO CAR_TYPES VALUES('Tesla Model 3','Tesla Supercharger');
INSERT INTO CAR_TYPES VALUES('KAMAZ','GOST 23784');
INSERT INTO CAR_TYPES VALUES('Waymo','Type 2');
INSERT INTO CAR_TYPES VALUES('ICar','Lighting');
INSERT INTO CAR_TYPES VALUES('Ford Japan','CHAdeMO');
CREATE TABLE IF NOT EXISTS 'WORKSHOPS' (
    'WID'    INTEGER NOT NULL,
    'GPS_LOCATION'    TEXT NOT NULL,
    'AVAILABILITY'    TEXT NOT NULL,
    PRIMARY KEY('WID')
);
INSERT INTO WORKSHOPS VALUES(1,'GPS[WS_1])','Never available');
INSERT INTO WORKSHOPS VALUES(2,'GPS[WS_2])','Sometimes available');
INSERT INTO WORKSHOPS VALUES(3,'GPS[WS_3])','Always available');
CREATE TABLE IF NOT EXISTS 'CAR_PARTS' (
    'NAME'    TEXT NOT NULL,
    PRIMARY KEY('NAME')
);
INSERT INTO CAR_PARTS VALUES('Tesla Supercharger Connector');
INSERT INTO CAR_PARTS VALUES('Lidar T1');
INSERT INTO CAR_PARTS VALUES('ICar Engine');
INSERT INTO CAR_PARTS VALUES('Lidar T2');
CREATE TABLE IF NOT EXISTS 'PARTS_PROVIDERS' (
    'ID'    INTEGER NOT NULL,
    'ADRESS'    TEXT NOT NULL,
    'NAME'    TEXT NOT NULL,
    'PHONE'    TEXT NOT NULL,
    PRIMARY KEY('ID')
);
INSERT INTO PARTS_PROVIDERS VALUES(1,'Chicago','IParts','123456');
INSERT INTO PARTS_PROVIDERS VALUES(2,'Str. Pushkina','Petrovich Store','+79801234567');
INSERT INTO PARTS_PROVIDERS VALUES(3,'City 17','Auto Parts Co.','+10000000');
CREATE TABLE IF NOT EXISTS 'PAYMENT' (
    'USERNAME'    TEXT NOT NULL,
    'CAR_ID'    TEXT NOT NULL,
    'ORDER_DATETIME'    TEXT NOT NULL,
    'PAYMENT_DATETIME'    TEXT NOT NULL,
    'AMOUNT'    INTEGER NOT NULL,
    PRIMARY KEY('USERNAME','CAR_ID','ORDER_DATETIME','PAYMENT_DATETIME'),
    FOREIGN KEY('USERNAME') REFERENCES 'ORDERS'('USERNAME'),
    FOREIGN KEY('ORDER_DATETIME') REFERENCES 'ORDERS'('DATETIME'),
    FOREIGN KEY('CAR_ID') REFERENCES 'ORDERS'('CAR_ID')
);
INSERT INTO PAYMENT VALUES('xX_CoolName_Xx','XUW-7856','2018-11-21 09:57','2018-11-21 09:57',300);
INSERT INTO PAYMENT VALUES('f.petrov_1996','QYQ-0272','2018-11-20 12:31','2018-11-20 12:35',700);
INSERT INTO PAYMENT VALUES('f.petrov_1996','ANSS-934','2018-11-24 09:13','2018-11-24 09:15',600);
INSERT INTO PAYMENT VALUES('f.petrov_1996','POO-6542','2018-11-19 06:37','2018-11-19 06:46',200);
INSERT INTO PAYMENT VALUES('Petr_Dude','ANM-9382','2018-11-19 13:48','2018-11-19 13:51',500000);
INSERT INTO PAYMENT VALUES('l.petrova_1958','CQU-8359','2018-11-19 12:02','2018-11-19 12:07',300);
INSERT INTO PAYMENT VALUES('f.petrov_1996','RQAS-678','2018-11-16 06:40','2018-11-16 06:48',700);
INSERT INTO PAYMENT VALUES('f.petrov_1996','ANJ-3510','2018-11-16 03:43','2018-11-16 03:49',200);
INSERT INTO PAYMENT VALUES('a.smirnow_1994','RQAS-678','2018-11-23 01:12','2018-11-23 01:16',300);
INSERT INTO PAYMENT VALUES('a.smirnow_1994','HFDC-278','2018-11-23 20:04','2018-11-23 20:13',700);
INSERT INTO PAYMENT VALUES('xX_CoolName_Xx','ANJ-3510','2018-11-21 21:15','2018-11-21 21:20',700);
INSERT INTO PAYMENT VALUES('m.petrova_1989','POO-6542','2018-11-20 21:57','2018-11-20 22:00',200);
INSERT INTO PAYMENT VALUES('a.smirnow_1994','ANM-9382','2018-11-24 16:22','2018-11-24 16:24',200);
INSERT INTO PAYMENT VALUES('a.smirnow_1994','QYQ-0272','2018-11-21 07:46','2018-11-21 07:51',600);
INSERT INTO PAYMENT VALUES('n.prutko_1983','ANM-9382','2018-11-20 23:35','2018-11-20 23:44',400);
INSERT INTO PAYMENT VALUES('a.smirnow_1994','ANTK-934','2018-08-03 10:04','2018-08-03 10:14',200);
INSERT INTO PAYMENT VALUES('a.smirnow_1994','ANM-9382','2018-08-07 22:29','2018-08-07 22:31',200);
INSERT INTO PAYMENT VALUES('a.smirnow_1994','ANJ-3510','2018-08-06 18:15','2018-08-06 18:17',100);
INSERT INTO PAYMENT VALUES('m.petrova_1989','POO-6542','2018-08-09 17:57','2018-08-09 18:06',500);
INSERT INTO PAYMENT VALUES('f.petrov_1996','HFDC-278','2018-08-06 01:29','2018-08-06 01:30',600);
COMMIT;
