PRAGMA foreign_keys=OFF;
BEGIN TRANSACTION;
CREATE TABLE IF NOT EXISTS 'CHARGES' (
  'UID'  INTEGER NOT NULL,
  'CAR_ID'  TEXT NOT NULL,
  'DATETIME'  TEXT NOT NULL,
  'STATUS'  TEXT NOT NULL,
  'CHARGING_TIME'  TEXT NOT NULL,
  'COST'  INTEGER NOT NULL,
  FOREIGN KEY('UID') REFERENCES 'CHARGING_STATIONS'('UID'),
  FOREIGN KEY('CAR_ID') REFERENCES 'CARS'('CAR_ID'),
  PRIMARY KEY('UID','CAR_ID','DATETIME')
);
INSERT INTO CHARGES VALUES(3,'ANKO-361','2018-11-16 08:13:01.630463','Done','00:52',4000);
INSERT INTO CHARGES VALUES(2,'ANF-8966','2018-11-23 03:11:01.630463','Done','00:30',5000);
INSERT INTO CHARGES VALUES(7,'KAGS-242','2018-11-25 03:50:01.630463','Done','00:37',4000);
INSERT INTO CHARGES VALUES(12,'JMQ-1316','2018-11-25 20:01:01.630463','Done','00:49',5000);
INSERT INTO CHARGES VALUES(12,'ANF-8966','2018-11-19 15:42:01.630463','Done','00:59',4000);
INSERT INTO CHARGES VALUES(7,'ANBT-920','2018-11-21 03:11:01.630463','Done','01:54',1000);
INSERT INTO CHARGES VALUES(7,'MQS-1207','2018-11-21 18:04:01.630463','Done','01:48',1000);
INSERT INTO CHARGES VALUES(4,'TFS-0337','2018-11-25 09:50:01.630463','Done','01:11',3000);
INSERT INTO CHARGES VALUES(12,'RSIO-588','2018-11-21 12:49:01.630463','Done','01:57',2000);
INSERT INTO CHARGES VALUES(3,'GVUJ-852','2018-11-21 15:14:01.630463','Done','01:01',3000);
INSERT INTO CHARGES VALUES(5,'DPG-7923','2018-11-23 20:36:01.630463','Done','01:30',2000);
INSERT INTO CHARGES VALUES(12,'DPG-7923','2018-11-24 01:07:01.630463','Done','01:02',5000);
INSERT INTO CHARGES VALUES(10,'DPG-7923','2018-11-23 20:03:01.630463','Done','01:12',3000);
INSERT INTO CHARGES VALUES(7,'DPG-7923','2018-11-25 15:30:01.630463','Done','00:28',2000);
INSERT INTO CHARGES VALUES(2,'DPG-7923','2018-11-23 08:45:01.630463','Done','01:42',5000);
INSERT INTO CHARGES VALUES(5,'DPG-7923','2018-11-24 05:58:01.630463','Done','01:07',5000);
INSERT INTO CHARGES VALUES(6,'DPG-7923','2018-11-24 02:08:01.630463','Done','01:46',1000);
INSERT INTO CHARGES VALUES(8,'DPG-7923','2018-11-23 22:06:01.630463','Done','01:02',1000);
INSERT INTO CHARGES VALUES(3,'DPG-7923','2018-11-22 10:20:01.630463','Done','01:44',1000);
INSERT INTO CHARGES VALUES(1,'DPG-7923','2018-11-25 02:39:01.630463','Done','00:32',4000);
CREATE TABLE IF NOT EXISTS 'ORDERS' (
    'USERNAME'    TEXT NOT NULL,
    'CAR_ID'    TEXT NOT NULL,
    'DATETIME'    TEXT NOT NULL,
    'FROM_'    TEXT NOT NULL,
    'TO_'    TEXT NOT NULL,
    'STATUS'    TEXT NOT NULL,
    'PRICE'    INTEGER NOT NULL,
    'TRAVELED_TO_CLIENT'    INTEGER NOT NULL,
    'DURATION'    TEXT NOT NULL,
    FOREIGN KEY('CAR_ID') REFERENCES 'CARS'('CAR_ID'),
    FOREIGN KEY('USERNAME') REFERENCES 'CUSTOMERS'('USERNAME'),
    PRIMARY KEY('USERNAME','CAR_ID','DATETIME')
);
INSERT INTO ORDERS VALUES('m.petrova_1989','RSIO-588','2018-11-16 10:48','east square','west square','Done',600,875,'01:20');
INSERT INTO ORDERS VALUES('l.petrova_1958','KAGS-242','2018-11-24 22:33','tavern','shops','Done',600,847,'00:08');
INSERT INTO ORDERS VALUES('xX_CoolName_Xx','ANKO-361','2018-11-21 15:55','east square','shops','Done',100,1906,'00:37');
INSERT INTO ORDERS VALUES('m.petrova_1989','MQS-1207','2018-11-18 23:31','north square','west square','Done',200,1383,'01:00');
INSERT INTO ORDERS VALUES('xX_CoolName_Xx','ANYY-945','2018-11-25 04:19','shops','tavern','Done',25000,1351,'00:19');
INSERT INTO ORDERS VALUES('n.prutko_1983','ANKO-361','2018-11-19 14:47','north square','tavern','Done',400,1032,'00:45');
INSERT INTO ORDERS VALUES('f.petrov_1996','KAGS-242','2018-11-20 01:08','west square','tavern','Done',200,548,'00:01');
INSERT INTO ORDERS VALUES('xX_CoolName_Xx','ANYY-945','2018-11-22 17:35','shops','tavern','Done',400,1047,'01:58');
INSERT INTO ORDERS VALUES('n.prutko_1983','FTR-8341','2018-11-19 02:00','hospital','tavern','Done',500,530,'00:04');
INSERT INTO ORDERS VALUES('n.prutko_1983','JMQ-1316','2018-11-21 16:12','north square','tavern','Done',600,1216,'00:37');
INSERT INTO ORDERS VALUES('l.petrova_1958','DPG-7923','2018-11-25 14:58','hospital','tavern','Done',400,1306,'01:58');
INSERT INTO ORDERS VALUES('n.prutko_1983','ANM-4585','2018-11-16 05:13','hospital','tavern','Done',600,924,'01:13');
INSERT INTO ORDERS VALUES('f.petrov_1996','KAGS-242','2018-11-24 07:27','hospital','east square','Done',500,1131,'00:02');
INSERT INTO ORDERS VALUES('Petr_Dude','ANBT-920','2018-11-18 19:16','hospital','east square','Done',400,1035,'00:43');
INSERT INTO ORDERS VALUES('f.petrov_1996','LPGK-325','2018-11-21 02:47','hospital','north square','Done',200,1336,'00:16');
INSERT INTO ORDERS VALUES('f.petrov_1996','GVUJ-852','2018-08-07 13:21','hospital','east square','Done',300,713,'01:44');
INSERT INTO ORDERS VALUES('xX_CoolName_Xx','LPGK-325','2018-08-03 12:27','west square','north square','Done',700,1571,'00:35');
INSERT INTO ORDERS VALUES('a.smirnow_1994','MQS-1207','2018-08-03 22:04','north square','shops','Done',300,1126,'00:55');
INSERT INTO ORDERS VALUES('n.prutko_1983','RSIO-588','2018-08-05 04:23','shops','west square','Done',700,1454,'00:54');
INSERT INTO ORDERS VALUES('m.petrova_1989','ANKO-361','2018-08-04 09:24','tavern','shops','Done',700,826,'01:39');
CREATE TABLE IF NOT EXISTS 'REPAIRS' (
    'WID'    INTEGER NOT NULL,
    'CAR_ID'    TEXT NOT NULL,
    'DATETIME'    TEXT NOT NULL,
    'STATUS'    TEXT NOT NULL,
    'PRICE'    INTEGER NOT NULL,
    FOREIGN KEY('CAR_ID') REFERENCES 'CARS'('CAR_ID'),
    FOREIGN KEY('WID') REFERENCES 'WORKSHOPS'('WID'),
    PRIMARY KEY('WID','CAR_ID','DATETIME')
);
INSERT INTO REPAIRS VALUES(1,'ANYY-945','2018-11-17 11:02','Done',6000);
INSERT INTO REPAIRS VALUES(2,'LPGK-325','2018-11-17 10:38','Done',4000);
INSERT INTO REPAIRS VALUES(2,'JXL-3082','2018-11-16 02:12','Done',5000);
INSERT INTO REPAIRS VALUES(2,'KAGS-242','2018-11-18 19:47','Done',3000);
INSERT INTO REPAIRS VALUES(1,'ANF-8966','2018-11-21 03:57','Done',3000);
CREATE TABLE IF NOT EXISTS 'AVAILABLE_PARTS' (
    'NAME'    TEXT NOT NULL,
    'WID'    INTEGER NOT NULL,
    FOREIGN KEY('WID') REFERENCES 'WORKSHOPS'('WID'),
    FOREIGN KEY('NAME') REFERENCES 'CAR_PARTS'('NAME'),
    PRIMARY KEY('NAME','WID')
);
INSERT INTO AVAILABLE_PARTS VALUES('Tesla Supercharger Connector',1);
INSERT INTO AVAILABLE_PARTS VALUES('Tesla Supercharger Connector',3);
INSERT INTO AVAILABLE_PARTS VALUES('Lidar T1',1);
INSERT INTO AVAILABLE_PARTS VALUES('Lidar T1',2);
INSERT INTO AVAILABLE_PARTS VALUES('Lidar T1',3);
INSERT INTO AVAILABLE_PARTS VALUES('Lidar T2',2);
INSERT INTO AVAILABLE_PARTS VALUES('Lidar T2',3);
CREATE TABLE IF NOT EXISTS 'PARTS_FOR' (
    'NAME'    TEXT NOT NULL,
    'MODEL'    TEXT NOT NULL,
    FOREIGN KEY('MODEL') REFERENCES 'CAR_TYPES'('MODEL'),
    FOREIGN KEY('NAME') REFERENCES 'CAR_PARTS'('NAME'),
    PRIMARY KEY('NAME','MODEL')
);
INSERT INTO PARTS_FOR VALUES('Tesla Supercharger Connector','Tesla Model 3');
INSERT INTO PARTS_FOR VALUES('Tesla Supercharger Connector','Tesla Model S');
INSERT INTO PARTS_FOR VALUES('ICar Engine','ICar');
INSERT INTO PARTS_FOR VALUES('Lidar T1','KAMAZ');
INSERT INTO PARTS_FOR VALUES('Lidar T1','Toyota Prius');
INSERT INTO PARTS_FOR VALUES('Lidar T2','Tesla Model S');
INSERT INTO PARTS_FOR VALUES('Lidar T2','Tesla Model 3');
INSERT INTO PARTS_FOR VALUES('Lidar T2','Ford Japan');
CREATE TABLE IF NOT EXISTS 'CAN_PROVIDE' (
    'ID'    INTEGER NOT NULL,
    'NAME'    TEXT NOT NULL,
    FOREIGN KEY('ID') REFERENCES 'PARTS_PROVIDERS'('ID'),
    FOREIGN KEY('NAME') REFERENCES 'CAR_PARTS'('NAME'),
    PRIMARY KEY('ID','NAME')
);
INSERT INTO CAN_PROVIDE VALUES(1,'ICar Engine');
INSERT INTO CAN_PROVIDE VALUES(2,'Lidar 1');
INSERT INTO CAN_PROVIDE VALUES(2,'Lidar 2');
INSERT INTO CAN_PROVIDE VALUES(3,'Tesla Supercharger Connector');
INSERT INTO CAN_PROVIDE VALUES(3,'Lidar 2');
CREATE TABLE IF NOT EXISTS 'SOCKETS' (
    'UID'    INTEGER NOT NULL,
    'PLUG_TYPE'    TEXT NOT NULL,
    'NUMBER'    INTEGER NOT NULL,
    FOREIGN KEY('UID') REFERENCES 'CHARGING_STATIONS'('UID'),
    PRIMARY KEY('PLUG_TYPE','UID')
);
INSERT INTO SOCKETS VALUES(1,'Type 1',9);
INSERT INTO SOCKETS VALUES(1,'Type 2',9);
INSERT INTO SOCKETS VALUES(1,'Tesla Supercharger',10);
INSERT INTO SOCKETS VALUES(1,'GOST 23784',7);
INSERT INTO SOCKETS VALUES(1,'CHAdeMO',6);
INSERT INTO SOCKETS VALUES(1,'Lighting',3);
INSERT INTO SOCKETS VALUES(2,'Type 1',9);
INSERT INTO SOCKETS VALUES(2,'Type 2',1);
INSERT INTO SOCKETS VALUES(2,'Tesla Supercharger',8);
INSERT INTO SOCKETS VALUES(2,'GOST 23784',8);
INSERT INTO SOCKETS VALUES(2,'CHAdeMO',10);
INSERT INTO SOCKETS VALUES(2,'Lighting',8);
INSERT INTO SOCKETS VALUES(3,'Type 1',9);
INSERT INTO SOCKETS VALUES(3,'Type 2',3);
INSERT INTO SOCKETS VALUES(3,'Tesla Supercharger',3);
INSERT INTO SOCKETS VALUES(3,'GOST 23784',9);
INSERT INTO SOCKETS VALUES(3,'CHAdeMO',4);
INSERT INTO SOCKETS VALUES(3,'Lighting',7);
INSERT INTO SOCKETS VALUES(4,'Type 1',1);
INSERT INTO SOCKETS VALUES(4,'Type 2',4);
INSERT INTO SOCKETS VALUES(4,'Tesla Supercharger',8);
INSERT INTO SOCKETS VALUES(4,'GOST 23784',5);
INSERT INTO SOCKETS VALUES(4,'CHAdeMO',8);
INSERT INTO SOCKETS VALUES(4,'Lighting',2);
INSERT INTO SOCKETS VALUES(5,'Type 1',9);
INSERT INTO SOCKETS VALUES(5,'Type 2',10);
INSERT INTO SOCKETS VALUES(5,'Tesla Supercharger',9);
INSERT INTO SOCKETS VALUES(5,'GOST 23784',7);
INSERT INTO SOCKETS VALUES(5,'CHAdeMO',1);
INSERT INTO SOCKETS VALUES(5,'Lighting',4);
INSERT INTO SOCKETS VALUES(6,'Type 1',2);
INSERT INTO SOCKETS VALUES(6,'Type 2',4);
INSERT INTO SOCKETS VALUES(6,'Tesla Supercharger',1);
INSERT INTO SOCKETS VALUES(6,'GOST 23784',9);
INSERT INTO SOCKETS VALUES(6,'CHAdeMO',1);
INSERT INTO SOCKETS VALUES(6,'Lighting',9);
INSERT INTO SOCKETS VALUES(7,'Type 1',1);
INSERT INTO SOCKETS VALUES(7,'Type 2',6);
INSERT INTO SOCKETS VALUES(7,'Tesla Supercharger',3);
INSERT INTO SOCKETS VALUES(7,'GOST 23784',10);
INSERT INTO SOCKETS VALUES(7,'CHAdeMO',10);
INSERT INTO SOCKETS VALUES(7,'Lighting',3);
INSERT INTO SOCKETS VALUES(8,'Type 1',7);
INSERT INTO SOCKETS VALUES(8,'Type 2',6);
INSERT INTO SOCKETS VALUES(8,'Tesla Supercharger',5);
INSERT INTO SOCKETS VALUES(8,'GOST 23784',3);
INSERT INTO SOCKETS VALUES(8,'CHAdeMO',9);
INSERT INTO SOCKETS VALUES(8,'Lighting',7);
INSERT INTO SOCKETS VALUES(9,'Type 1',9);
INSERT INTO SOCKETS VALUES(9,'Type 2',9);
INSERT INTO SOCKETS VALUES(9,'Tesla Supercharger',8);
INSERT INTO SOCKETS VALUES(9,'GOST 23784',5);
INSERT INTO SOCKETS VALUES(9,'CHAdeMO',5);
INSERT INTO SOCKETS VALUES(9,'Lighting',5);
INSERT INTO SOCKETS VALUES(10,'Type 1',8);
INSERT INTO SOCKETS VALUES(10,'Type 2',7);
INSERT INTO SOCKETS VALUES(10,'Tesla Supercharger',8);
INSERT INTO SOCKETS VALUES(10,'GOST 23784',6);
INSERT INTO SOCKETS VALUES(10,'CHAdeMO',6);
INSERT INTO SOCKETS VALUES(10,'Lighting',10);
INSERT INTO SOCKETS VALUES(11,'Type 1',10);
INSERT INTO SOCKETS VALUES(11,'Type 2',6);
INSERT INTO SOCKETS VALUES(11,'Tesla Supercharger',6);
INSERT INTO SOCKETS VALUES(11,'GOST 23784',7);
INSERT INTO SOCKETS VALUES(11,'CHAdeMO',9);
INSERT INTO SOCKETS VALUES(11,'Lighting',6);
INSERT INTO SOCKETS VALUES(12,'Type 1',4);
INSERT INTO SOCKETS VALUES(12,'Type 2',5);
INSERT INTO SOCKETS VALUES(12,'Tesla Supercharger',4);
INSERT INTO SOCKETS VALUES(12,'GOST 23784',5);
INSERT INTO SOCKETS VALUES(12,'CHAdeMO',2);
INSERT INTO SOCKETS VALUES(12,'Lighting',8);
CREATE TABLE IF NOT EXISTS 'CHARGING_STATIONS' (
    'UID'    INTEGER NOT NULL,
    'GPS_LOCATION'    TEXT NOT NULL,
    'CHARGING_COST'    TEXT NOT NULL,
    'CHARGING_TIME'    TEXT NOT NULL,
    PRIMARY KEY('UID')
);
INSERT INTO CHARGING_STATIONS VALUES(1,'GPS[Uzhgorod]','2.0','2');
INSERT INTO CHARGING_STATIONS VALUES(2,'GPS[Petrozavodsk]','3.0','3');
INSERT INTO CHARGING_STATIONS VALUES(3,'GPS[Novokuznetsk]','3.0','5');
INSERT INTO CHARGING_STATIONS VALUES(4,'GPS[Moscow]','2.4','4');
INSERT INTO CHARGING_STATIONS VALUES(5,'GPS[Samara]','2.1','4');
INSERT INTO CHARGING_STATIONS VALUES(6,'GPS[Belebey]','2.3','3');
INSERT INTO CHARGING_STATIONS VALUES(7,'GPS[Kazan]','2.0','4');
INSERT INTO CHARGING_STATIONS VALUES(8,'GPS[Petrozavodsk]','2.6','3');
INSERT INTO CHARGING_STATIONS VALUES(9,'GPS[Moscow]','2.8','2');
INSERT INTO CHARGING_STATIONS VALUES(10,'GPS[Belebey]','2.9','4');
INSERT INTO CHARGING_STATIONS VALUES(11,'GPS[Uzhgorod]','2.1','3');
INSERT INTO CHARGING_STATIONS VALUES(12,'GPS[Novokuznetsk]','2.0','2');
CREATE TABLE IF NOT EXISTS 'CUSTOMERS' (
    'USERNAME'    TEXT NOT NULL,
    'EMAIL'    TEXT NOT NULL,
    'PHONE'    TEXT NOT NULL,
    'FULL_NAME'    TEXT NOT NULL,
    'COUNTRY'    TEXT NOT NULL,
    'CITY'    TEXT NOT NULL,
    'ZIP_CODE'    TEXT NOT NULL,
    PRIMARY KEY('USERNAME')
);
INSERT INTO CUSTOMERS VALUES('xX_CoolName_Xx','CoolMail@cool-email.com','+79805551122','Vasya Pupkin','Russia','Moscow','123131');
INSERT INTO CUSTOMERS VALUES('Petr_Dude','Petrov123@yandex.ru','+79042744315','Petr Vasilyev','Russia','Kazan','948173');
INSERT INTO CUSTOMERS VALUES('m.petrova_1989','m.petrova_1970@inbox.ru','+79021849184','Maria Petrova','Russia','Kaliningrad','948173');
INSERT INTO CUSTOMERS VALUES('n.prutko_1983','n.prutko_1983@yandex.ru','+79028201834','Nadezhda Prutko','Russia','Samara','861243');
INSERT INTO CUSTOMERS VALUES('a.smirnow_1994','a.smirnow_1994@gmail.com','+79048591295','Aleksey Smirnov','Russia','Kaliningrad','948173');
INSERT INTO CUSTOMERS VALUES('l.petrova_1958',';.petrova_1958@inbox.ru','+79051738245','Lena Petrova','Russia','Novokuznetsk','858914');
INSERT INTO CUSTOMERS VALUES('f.petrov_1996','f.petrov_1996@inbox.ru','+79409281853','Fedor Petrov','Russia','Omsk','819472');
CREATE TABLE IF NOT EXISTS 'CARS' (
    'CAR_ID'    TEXT NOT NULL,
    'COLOR'    TEXT NOT NULL,
    'MODEL'    TEXT NOT NULL,
    FOREIGN KEY('MODEL') REFERENCES 'CAR_TYPES'('MODEL'),
    PRIMARY KEY('CAR_ID')
);
INSERT INTO CARS VALUES('KAGS-242','Green','Toyota Prius');
INSERT INTO CARS VALUES('MQS-1207','Red','Tesla Model S');
INSERT INTO CARS VALUES('JXL-3082','Gray','Ford Japan');
INSERT INTO CARS VALUES('LPGK-325','Yellow','Ford Japan');
INSERT INTO CARS VALUES('RSIO-588','Magenta','KAMAZ');
INSERT INTO CARS VALUES('ARG-0967','White','Ford Japan');
INSERT INTO CARS VALUES('TFS-0337','Green','KAMAZ');
INSERT INTO CARS VALUES('FTR-8341','Black','Waymo');
INSERT INTO CARS VALUES('DPG-7923','White','Toyota Prius');
INSERT INTO CARS VALUES('MYD-9227','Silver','ICar');
INSERT INTO CARS VALUES('ANM-4585','Silver','Toyota Prius');
INSERT INTO CARS VALUES('ANBT-920','White','ICar');
INSERT INTO CARS VALUES('ANYY-945','Green','Ford Japan');
INSERT INTO CARS VALUES('TKNB-434','Red','Ford Japan');
INSERT INTO CARS VALUES('GVUJ-852','Red','ICar');
INSERT INTO CARS VALUES('JMQ-1316','Red','ICar');
INSERT INTO CARS VALUES('ANKO-361','Red','Ford Japan');
INSERT INTO CARS VALUES('ANF-8966','Red','Tesla Model 3');
CREATE TABLE IF NOT EXISTS 'CAR_TYPES' (
    'MODEL'    TEXT NOT NULL,
    'PLUG_TYPE'    TEXT NOT NULL,
    PRIMARY KEY('MODEL')
);
INSERT INTO CAR_TYPES VALUES('Toyota Prius','Type 1');
INSERT INTO CAR_TYPES VALUES('Tesla Model S','Tesla Supercharger');
INSERT INTO CAR_TYPES VALUES('Tesla Model 3','Tesla Supercharger');
INSERT INTO CAR_TYPES VALUES('KAMAZ','GOST 23784');
INSERT INTO CAR_TYPES VALUES('Waymo','Type 2');
INSERT INTO CAR_TYPES VALUES('ICar','Lighting');
INSERT INTO CAR_TYPES VALUES('Ford Japan','CHAdeMO');
CREATE TABLE IF NOT EXISTS 'WORKSHOPS' (
    'WID'    INTEGER NOT NULL,
    'GPS_LOCATION'    TEXT NOT NULL,
    'AVAILABILITY'    TEXT NOT NULL,
    PRIMARY KEY('WID')
);
INSERT INTO WORKSHOPS VALUES(1,'GPS[WS_1])','Never available');
INSERT INTO WORKSHOPS VALUES(2,'GPS[WS_2])','Sometimes available');
INSERT INTO WORKSHOPS VALUES(3,'GPS[WS_3])','Always available');
CREATE TABLE IF NOT EXISTS 'CAR_PARTS' (
    'NAME'    TEXT NOT NULL,
    PRIMARY KEY('NAME')
);
INSERT INTO CAR_PARTS VALUES('ICar Engine');
INSERT INTO CAR_PARTS VALUES('Lidar T1');
INSERT INTO CAR_PARTS VALUES('Lidar T2');
INSERT INTO CAR_PARTS VALUES('Tesla Supercharger Connector');
CREATE TABLE IF NOT EXISTS 'PARTS_PROVIDERS' (
    'ID'    INTEGER NOT NULL,
    'ADRESS'    TEXT NOT NULL,
    'NAME'    TEXT NOT NULL,
    'PHONE'    TEXT NOT NULL,
    PRIMARY KEY('ID')
);
INSERT INTO PARTS_PROVIDERS VALUES(1,'Chicago','IParts','123456');
INSERT INTO PARTS_PROVIDERS VALUES(2,'Str. Pushkina','Petrovich Store','+79801234567');
INSERT INTO PARTS_PROVIDERS VALUES(3,'City 17','Auto Parts Co.','+10000000');
CREATE TABLE IF NOT EXISTS 'PAYMENT' (
    'USERNAME'    TEXT NOT NULL,
    'CAR_ID'    TEXT NOT NULL,
    'ORDER_DATETIME'    TEXT NOT NULL,
    'PAYMENT_DATETIME'    TEXT NOT NULL,
    'AMOUNT'    INTEGER NOT NULL,
    PRIMARY KEY('USERNAME','CAR_ID','ORDER_DATETIME','PAYMENT_DATETIME'),
    FOREIGN KEY('USERNAME') REFERENCES 'ORDERS'('USERNAME'),
    FOREIGN KEY('ORDER_DATETIME') REFERENCES 'ORDERS'('DATETIME'),
    FOREIGN KEY('CAR_ID') REFERENCES 'ORDERS'('CAR_ID')
);
INSERT INTO PAYMENT VALUES('m.petrova_1989','RSIO-588','2018-11-16 10:48','2018-11-16 10:53',600);
INSERT INTO PAYMENT VALUES('l.petrova_1958','KAGS-242','2018-11-24 22:33','2018-11-24 22:37',600);
INSERT INTO PAYMENT VALUES('xX_CoolName_Xx','ANKO-361','2018-11-21 15:55','2018-11-21 15:57',100);
INSERT INTO PAYMENT VALUES('m.petrova_1989','MQS-1207','2018-11-18 23:31','2018-11-18 23:36',200);
INSERT INTO PAYMENT VALUES('xX_CoolName_Xx','ANYY-945','2018-11-25 04:19','2018-11-25 04:27',500000);
INSERT INTO PAYMENT VALUES('n.prutko_1983','ANKO-361','2018-11-19 14:47','2018-11-19 14:54',400);
INSERT INTO PAYMENT VALUES('f.petrov_1996','KAGS-242','2018-11-20 01:08','2018-11-20 01:15',200);
INSERT INTO PAYMENT VALUES('xX_CoolName_Xx','ANYY-945','2018-11-22 17:35','2018-11-22 17:35',400);
INSERT INTO PAYMENT VALUES('n.prutko_1983','FTR-8341','2018-11-19 02:00','2018-11-19 02:08',500);
INSERT INTO PAYMENT VALUES('n.prutko_1983','JMQ-1316','2018-11-21 16:12','2018-11-21 16:20',600);
INSERT INTO PAYMENT VALUES('l.petrova_1958','DPG-7923','2018-11-25 14:58','2018-11-25 15:04',400);
INSERT INTO PAYMENT VALUES('n.prutko_1983','ANM-4585','2018-11-16 05:13','2018-11-16 05:15',600);
INSERT INTO PAYMENT VALUES('f.petrov_1996','KAGS-242','2018-11-24 07:27','2018-11-24 07:33',500);
INSERT INTO PAYMENT VALUES('Petr_Dude','ANBT-920','2018-11-18 19:16','2018-11-18 19:17',400);
INSERT INTO PAYMENT VALUES('f.petrov_1996','LPGK-325','2018-11-21 02:47','2018-11-21 02:51',200);
INSERT INTO PAYMENT VALUES('f.petrov_1996','GVUJ-852','2018-08-07 13:21','2018-08-07 13:26',300);
INSERT INTO PAYMENT VALUES('xX_CoolName_Xx','LPGK-325','2018-08-03 12:27','2018-08-03 12:30',700);
INSERT INTO PAYMENT VALUES('a.smirnow_1994','MQS-1207','2018-08-03 22:04','2018-08-03 22:07',300);
INSERT INTO PAYMENT VALUES('n.prutko_1983','RSIO-588','2018-08-05 04:23','2018-08-05 04:26',700);
INSERT INTO PAYMENT VALUES('m.petrova_1989','ANKO-361','2018-08-04 09:24','2018-08-04 09:27',700);
COMMIT;
